Entity,Code,Year,Total annual COâ‚‚ emissions from aviation
Afghanistan,AFG,2013,208656.12
Afghanistan,AFG,2014,227078.3
Afghanistan,AFG,2015,187643.45
Afghanistan,AFG,2016,177195.73
Afghanistan,AFG,2017,204241.47
Afghanistan,AFG,2018,236053.94
Afghanistan,AFG,2019,159873.33
Afghanistan,AFG,2020,79252.125
Afghanistan,AFG,2023,68394.27
Afghanistan,AFG,2024,146712.78
Africa,,2013,21943740
Africa,,2014,22673458
Africa,,2015,23271740
Africa,,2016,23467526
Africa,,2017,24553996
Africa,,2018,25921346
Africa,,2019,20863352
Africa,,2020,7317688.5
Africa,,2021,11353378
Africa,,2022,17001260
Africa,,2023,20650462
Africa,,2024,17705142
Algeria,DZA,2013,843895
Algeria,DZA,2014,918869.4
Algeria,DZA,2015,1025135.5
Algeria,DZA,2016,1136563.8
Algeria,DZA,2017,1215380.4
Algeria,DZA,2018,1125109.8
Algeria,DZA,2019,921682.44
Algeria,DZA,2020,192887.89
Algeria,DZA,2021,200896.3
Algeria,DZA,2022,603687.1
Algeria,DZA,2023,1002394.3
Algeria,DZA,2024,1103089.5
Angola,AGO,2013,605774.06
Angola,AGO,2014,662571.6
Angola,AGO,2015,654642.56
Angola,AGO,2016,634277.1
Angola,AGO,2017,609196.2
Angola,AGO,2018,599962.6
Angola,AGO,2019,614793.4
Angola,AGO,2020,191202.84
Angola,AGO,2021,156887.06
Angola,AGO,2022,342199.5
Angola,AGO,2023,406013.3
Angola,AGO,2024,417894.62
Antigua and Barbuda,ATG,2015,131895.61
Antigua and Barbuda,ATG,2016,141514.03
Argentina,ARG,2013,3959389
Argentina,ARG,2014,3974954.5
Argentina,ARG,2015,4061345.8
Argentina,ARG,2016,4255778.5
Argentina,ARG,2017,4574941
Argentina,ARG,2018,4942872
Argentina,ARG,2019,4384410
Argentina,ARG,2020,1263717.4
Argentina,ARG,2021,1486999.8
Argentina,ARG,2022,3212476.5
Argentina,ARG,2023,4090701.5
Argentina,ARG,2024,4095075
Armenia,ARM,2016,165984.05
Asia,,2013,203360560
Asia,,2014,219594540
Asia,,2015,237835730
Asia,,2016,258246260
Asia,,2017,277659740
Asia,,2018,294699800
Asia,,2019,307944540
Asia,,2020,152849180
Asia,,2021,162001680
Asia,,2022,188340660
Asia,,2023,275056400
Asia,,2024,310054370
Australia,AUS,2013,19103196
Australia,AUS,2014,19381840
Australia,AUS,2015,19541120
Australia,AUS,2016,20878712
Australia,AUS,2017,21766560
Australia,AUS,2018,22482604
Australia,AUS,2019,22084274
Australia,AUS,2020,9222940
Australia,AUS,2021,7903253
Australia,AUS,2022,13848760
Australia,AUS,2023,18388724
Australia,AUS,2024,20275648
Austria,AUT,2013,1942942.8
Austria,AUT,2014,2069204.5
Austria,AUT,2015,2156687
Austria,AUT,2016,2244702.2
Austria,AUT,2017,2274704.2
Austria,AUT,2018,2537187.8
Austria,AUT,2019,2955016.2
Austria,AUT,2020,1006389.5
Austria,AUT,2021,1214195.1
Austria,AUT,2022,2067431.8
Austria,AUT,2023,2449485
Austria,AUT,2024,2645748.2
Azerbaijan,AZE,2013,368848.34
Azerbaijan,AZE,2014,382622.38
Azerbaijan,AZE,2015,393101.2
Azerbaijan,AZE,2016,387658.9
Azerbaijan,AZE,2017,425822.8
Azerbaijan,AZE,2018,442269.16
Azerbaijan,AZE,2019,440162.03
Azerbaijan,AZE,2022,518882.16
Azerbaijan,AZE,2023,606379.5
Azerbaijan,AZE,2024,718679.56
Bahamas,BHS,2013,263411.28
Bahamas,BHS,2014,280802.88
Bahamas,BHS,2015,278047.25
Bahamas,BHS,2016,279597.94
Bahamas,BHS,2017,277447.44
Bahamas,BHS,2018,283140.34
Bahamas,BHS,2019,370400.16
Bahamas,BHS,2020,147822.28
Bahamas,BHS,2021,290349
Bahamas,BHS,2022,389896.94
Bahamas,BHS,2023,439490.94
Bahamas,BHS,2024,469625.56
Bangladesh,BGD,2013,917908
Bangladesh,BGD,2014,1051882.4
Bangladesh,BGD,2015,1240751
Bangladesh,BGD,2016,1298522.6
Bangladesh,BGD,2017,1460492
Bangladesh,BGD,2018,1537293.5
Bangladesh,BGD,2019,1317098
Bangladesh,BGD,2020,583153.2
Bangladesh,BGD,2021,997318.5
Bangladesh,BGD,2022,1537876.4
Bangladesh,BGD,2023,1643487.6
Bangladesh,BGD,2024,1606920.1
Belarus,BLR,2014,166599.95
Belarus,BLR,2015,189553.22
Belarus,BLR,2016,230666.12
Belarus,BLR,2017,243342.61
Belgium,BEL,2013,2445905
Belgium,BEL,2014,2666231.5
Belgium,BEL,2015,2784250.2
Belgium,BEL,2016,2667611
Belgium,BEL,2017,2783681
Belgium,BEL,2019,3189629.2
Belgium,BEL,2020,1427704.9
Belgium,BEL,2021,2172805
Belgium,BEL,2022,3086134.8
Belgium,BEL,2023,3135056.8
Belgium,BEL,2024,3281522.2
Belize,BLZ,2013,58771.504
Belize,BLZ,2014,71765.484
Belize,BLZ,2015,73747.79
Belize,BLZ,2016,79711.336
Belize,BLZ,2017,90132.09
Belize,BLZ,2018,90964.875
Benin,BEN,2018,87412.92
Bhutan,BTN,2013,9262.621
Bhutan,BTN,2014,18325.145
Bhutan,BTN,2016,13929.777
Bhutan,BTN,2017,16969.727
Bhutan,BTN,2018,21339.967
Bhutan,BTN,2022,8601.646
Bhutan,BTN,2024,22092.133
Bolivia,BOL,2013,405186.75
Bolivia,BOL,2014,452519.06
Bolivia,BOL,2015,514958.53
Bolivia,BOL,2016,584574.1
Bolivia,BOL,2017,579374.44
Bolivia,BOL,2018,590672
Bolivia,BOL,2019,331756.88
Bolivia,BOL,2020,158033.3
Bolivia,BOL,2021,244059.2
Bolivia,BOL,2022,335301.12
Bolivia,BOL,2023,401416.2
Bolivia,BOL,2024,411915.5
Bosnia and Herzegovina,BIH,2013,38580.02
Bosnia and Herzegovina,BIH,2014,45956.63
Bosnia and Herzegovina,BIH,2015,54888.113
Botswana,BWA,2013,41512.242
Botswana,BWA,2014,37118.676
Botswana,BWA,2015,38821.05
Botswana,BWA,2016,42972.656
Botswana,BWA,2017,39091.875
Botswana,BWA,2018,42105.133
Botswana,BWA,2019,35708.86
Botswana,BWA,2021,15693.557
Botswana,BWA,2022,26457.27
Botswana,BWA,2023,35258.4
Botswana,BWA,2024,45384.055
Brazil,BRA,2013,16627463
Brazil,BRA,2014,17108564
Brazil,BRA,2015,17199880
Brazil,BRA,2016,15607044
Brazil,BRA,2017,15438060
Brazil,BRA,2018,16517786
Brazil,BRA,2019,15051512
Brazil,BRA,2020,7269487
Brazil,BRA,2021,9276297
Brazil,BRA,2022,13164394
Brazil,BRA,2023,14626308
Brazil,BRA,2024,15667092
Bulgaria,BGR,2013,347417.47
Bulgaria,BGR,2014,377818.84
Bulgaria,BGR,2015,408916.25
Bulgaria,BGR,2016,499165.66
Bulgaria,BGR,2017,598333.7
Bulgaria,BGR,2018,687012.8
Bulgaria,BGR,2019,695736.25
Bulgaria,BGR,2020,361172.34
Bulgaria,BGR,2021,418876.44
Bulgaria,BGR,2022,572105.75
Bulgaria,BGR,2023,639494.6
Bulgaria,BGR,2024,672649.6
Burkina Faso,BFA,2013,94590.42
Burkina Faso,BFA,2014,79981.26
Burkina Faso,BFA,2015,74919.01
Burkina Faso,BFA,2016,78442.49
Burkina Faso,BFA,2017,92166.73
Burkina Faso,BFA,2018,84829.766
Cambodia,KHM,2013,341157.06
Cambodia,KHM,2014,417418.88
Cambodia,KHM,2015,421430.78
Cambodia,KHM,2016,457898.78
Cambodia,KHM,2017,577432.2
Cambodia,KHM,2018,697789.44
Cambodia,KHM,2019,769712
Cambodia,KHM,2020,205469.61
Cambodia,KHM,2021,87811.664
Cambodia,KHM,2022,169633.81
Cameroon,CMR,2013,242056.98
Cameroon,CMR,2014,258347.31
Cameroon,CMR,2015,274664.2
Cameroon,CMR,2016,294679.22
Cameroon,CMR,2017,259817.16
Cameroon,CMR,2018,275331.66
Cameroon,CMR,2019,205156
Cameroon,CMR,2020,110340.195
Cameroon,CMR,2021,173986.61
Cameroon,CMR,2022,213805.31
Cameroon,CMR,2023,209645.02
Cameroon,CMR,2024,200812.3
Canada,CAN,2013,14806782
Canada,CAN,2014,15572820
Canada,CAN,2015,16236122
Canada,CAN,2016,17242198
Canada,CAN,2017,18380190
Canada,CAN,2018,19210614
Canada,CAN,2019,20711204
Canada,CAN,2020,8820420
Canada,CAN,2021,8552252
Canada,CAN,2022,14941744
Canada,CAN,2023,17636666
Canada,CAN,2024,18846442
Cape Verde,CPV,2013,146302.53
Cape Verde,CPV,2014,146885.56
Cape Verde,CPV,2015,163184.81
Cape Verde,CPV,2016,201314.1
Cape Verde,CPV,2017,218714.36
Cape Verde,CPV,2018,258489.81
Cape Verde,CPV,2019,263442.03
Cape Verde,CPV,2020,103443.5
Cape Verde,CPV,2021,109211.88
Cape Verde,CPV,2022,288516.03
Cape Verde,CPV,2023,335418.44
Cape Verde,CPV,2024,326326.72
Chad,TCD,2018,53054.367
Chile,CHL,2013,2665815
Chile,CHL,2014,2665108.5
Chile,CHL,2015,2812148
Chile,CHL,2016,3016839.5
Chile,CHL,2017,3261715.2
Chile,CHL,2018,3530959.2
Chile,CHL,2019,3170215
Chile,CHL,2020,1546299.9
Chile,CHL,2021,1792093
Chile,CHL,2022,2548026
Chile,CHL,2023,2844872.5
Chile,CHL,2024,3309881.5
China,CHN,2013,58693020
China,CHN,2014,63766744
China,CHN,2015,70091736
China,CHN,2016,77936350
China,CHN,2017,86515080
China,CHN,2018,94305950
China,CHN,2019,109111680
China,CHN,2020,70591656
China,CHN,2021,72403850
China,CHN,2022,45249456
China,CHN,2023,91599816
China,CHN,2024,105847370
Colombia,COL,2013,2796759
Colombia,COL,2014,3005553
Colombia,COL,2015,3422920.5
Colombia,COL,2016,3576113
Colombia,COL,2017,3624550.5
Colombia,COL,2018,3805355.2
Colombia,COL,2019,3660272
Colombia,COL,2020,1489278.8
Colombia,COL,2021,2656723.5
Colombia,COL,2022,3960160.2
Colombia,COL,2023,4027090.5
Colombia,COL,2024,4446319.5
Comoros,COM,2015,19236.506
Comoros,COM,2016,16207.482
Comoros,COM,2017,24801.436
Comoros,COM,2018,25388.324
Congo,COG,2013,203506.9
Congo,COG,2014,241899.05
Congo,COG,2015,279082.75
Congo,COG,2016,236566.89
Congo,COG,2017,161493.86
Congo,COG,2018,144104.94
Congo,COG,2019,105237.28
Congo,COG,2020,59229.055
Congo,COG,2021,86007.38
Congo,COG,2022,78189.445
Congo,COG,2023,79071.89
Congo,COG,2024,86596.95
Cook Islands,COK,2013,48552.242
Cook Islands,COK,2014,48953.35
Cook Islands,COK,2015,48873.902
Cook Islands,COK,2016,55350.273
Cook Islands,COK,2017,55796.887
Cook Islands,COK,2018,60243.383
Cook Islands,COK,2021,11494.346
Cook Islands,COK,2022,29257.664
Cook Islands,COK,2023,41660.73
Cook Islands,COK,2024,54273.395
Costa Rica,CRI,2013,557977.9
Costa Rica,CRI,2014,571865.25
Costa Rica,CRI,2015,591708.4
Costa Rica,CRI,2016,699609.2
Costa Rica,CRI,2017,682916.8
Costa Rica,CRI,2018,732715.3
Costa Rica,CRI,2019,806127.4
Costa Rica,CRI,2020,337362
Costa Rica,CRI,2021,585786.44
Costa Rica,CRI,2022,752333.06
Costa Rica,CRI,2023,861820.2
Costa Rica,CRI,2024,941453.25
Cote d'Ivoire,CIV,2014,225748.4
Cote d'Ivoire,CIV,2015,238003.17
Cote d'Ivoire,CIV,2016,310133.97
Cote d'Ivoire,CIV,2017,347789.78
Cote d'Ivoire,CIV,2018,378570.4
Cote d'Ivoire,CIV,2019,171286.72
Cote d'Ivoire,CIV,2021,184250.75
Cote d'Ivoire,CIV,2022,282739.88
Cote d'Ivoire,CIV,2023,129471.46
Cote d'Ivoire,CIV,2024,72826.89
Croatia,HRV,2013,314342.88
Croatia,HRV,2014,329687.5
Croatia,HRV,2015,361921.03
Croatia,HRV,2016,414682.94
Croatia,HRV,2017,504167.34
Croatia,HRV,2018,587313
Croatia,HRV,2019,677025.9
Croatia,HRV,2020,203149.86
Croatia,HRV,2021,363367.4
Croatia,HRV,2022,589434.75
Croatia,HRV,2023,648810.9
Croatia,HRV,2024,741377.8
Cuba,CUB,2013,903946.56
Cuba,CUB,2014,942515.7
Cuba,CUB,2015,1098071.2
Cuba,CUB,2016,1354024
Cuba,CUB,2017,1584596.9
Cuba,CUB,2018,1394514.9
Cuba,CUB,2019,1158585.5
Cuba,CUB,2022,580704.9
Cuba,CUB,2023,762780.75
Cuba,CUB,2024,742466.8
Cyprus,CYP,2015,765053
Cyprus,CYP,2016,830384.75
Cyprus,CYP,2017,925327.2
Cyprus,CYP,2021,559477.2
Cyprus,CYP,2022,869801.2
Cyprus,CYP,2023,1034530.44
Cyprus,CYP,2024,1053414.4
Czechia,CZE,2013,792871.94
Czechia,CZE,2014,794021.1
Czechia,CZE,2015,816738.8
Czechia,CZE,2016,954995.94
Czechia,CZE,2017,1109823.8
Czechia,CZE,2018,1279051.9
Czechia,CZE,2019,1352800.2
Czechia,CZE,2020,377765.38
Czechia,CZE,2021,428965.28
Czechia,CZE,2022,755190.75
Czechia,CZE,2023,948575.8
Czechia,CZE,2024,1177576.1
Democratic Republic of Congo,COD,2013,180282.92
Democratic Republic of Congo,COD,2014,183447.4
Democratic Republic of Congo,COD,2015,209211.42
Democratic Republic of Congo,COD,2016,205506
Democratic Republic of Congo,COD,2017,207083.42
Democratic Republic of Congo,COD,2018,217818.62
Democratic Republic of Congo,COD,2019,166792.38
Democratic Republic of Congo,COD,2020,96676.53
Democratic Republic of Congo,COD,2021,157393.77
Denmark,DNK,2013,2227674.5
Denmark,DNK,2014,2303075
Denmark,DNK,2015,2433547.2
Denmark,DNK,2016,2737899.8
Denmark,DNK,2017,2782675.2
Denmark,DNK,2018,2965439.2
Denmark,DNK,2019,2971135.5
Denmark,DNK,2020,1025384.9
Denmark,DNK,2021,1241032.2
Denmark,DNK,2022,2118448
Denmark,DNK,2023,2422196.5
Denmark,DNK,2024,2659548.8
Dominican Republic,DOM,2013,1455697.6
Dominican Republic,DOM,2014,1572078.8
Dominican Republic,DOM,2015,1628338.9
Dominican Republic,DOM,2016,1679567.2
Dominican Republic,DOM,2017,1697133.5
Dominican Republic,DOM,2018,1797103.8
Dominican Republic,DOM,2019,1885430.6
Dominican Republic,DOM,2020,846101.7
Dominican Republic,DOM,2021,1469505.8
Dominican Republic,DOM,2022,1862125.8
Dominican Republic,DOM,2023,1891038.4
Dominican Republic,DOM,2024,2039553.2
East Timor,TLS,2019,15053.252
East Timor,TLS,2020,5993.2915
East Timor,TLS,2022,9613.073
East Timor,TLS,2023,15829.136
East Timor,TLS,2024,17720.941
Ecuador,ECU,2013,903871.1
Ecuador,ECU,2014,941528.2
Ecuador,ECU,2015,888439.2
Ecuador,ECU,2016,911739.75
Ecuador,ECU,2017,873971.6
Ecuador,ECU,2018,868924.94
Ecuador,ECU,2019,891501.3
Ecuador,ECU,2020,436681.2
Ecuador,ECU,2021,622246.1
Ecuador,ECU,2022,798306.75
Ecuador,ECU,2023,906801.2
Ecuador,ECU,2024,959951.56
Egypt,EGY,2013,2792618.5
Egypt,EGY,2014,2782792.5
Egypt,EGY,2015,2968337.5
Egypt,EGY,2016,2614504.5
Egypt,EGY,2017,2753029.5
Egypt,EGY,2018,2993539.5
Egypt,EGY,2019,2890023.5
Egypt,EGY,2020,1143271.1
Egypt,EGY,2021,1881191
Egypt,EGY,2022,2900659.8
Egypt,EGY,2023,3659565.2
Egypt,EGY,2024,4267266
El Salvador,SLV,2019,533631.4
El Salvador,SLV,2021,384896.12
El Salvador,SLV,2022,404388.8
El Salvador,SLV,2023,541138.25
El Salvador,SLV,2024,596907.44
Equatorial Guinea,GNQ,2013,63448.797
Equatorial Guinea,GNQ,2014,58210.72
Equatorial Guinea,GNQ,2015,82488.516
Equatorial Guinea,GNQ,2016,76296.73
Equatorial Guinea,GNQ,2017,75718.19
Equatorial Guinea,GNQ,2018,66382.8
Eritrea,ERI,2013,36375.293
Eritrea,ERI,2014,27274.4
Eritrea,ERI,2017,29286.373
Eritrea,ERI,2018,50523.875
Estonia,EST,2013,102772.22
Estonia,EST,2014,111992.31
Estonia,EST,2015,127531.01
Estonia,EST,2016,135671.16
Estonia,EST,2017,156984.5
Estonia,EST,2018,168595.28
Estonia,EST,2022,181167.6
Ethiopia,ETH,2013,1125859.9
Ethiopia,ETH,2014,1233026.4
Ethiopia,ETH,2015,1463965.8
Ethiopia,ETH,2016,1671405.1
Ethiopia,ETH,2017,1810178
Ethiopia,ETH,2018,2089555.5
Ethiopia,ETH,2019,2265817.5
Ethiopia,ETH,2020,1183888.1
Ethiopia,ETH,2021,1544271.1
Ethiopia,ETH,2022,1795011.8
Ethiopia,ETH,2023,2283707
Ethiopia,ETH,2024,2427664
Europe,,2013,149499000
Europe,,2014,155046400
Europe,,2015,161530930
Europe,,2016,169205740
Europe,,2017,178633970
Europe,,2018,185887700
Europe,,2019,193993120
Europe,,2020,79462600
Europe,,2021,96010190
Europe,,2022,150226910
Europe,,2023,170228180
Europe,,2024,182290460
Fiji,FJI,2013,306758.62
Fiji,FJI,2014,311266.66
Fiji,FJI,2015,332431.53
Fiji,FJI,2016,368235.6
Fiji,FJI,2017,388742.53
Fiji,FJI,2018,420036.22
Fiji,FJI,2019,415137.16
Fiji,FJI,2020,117324.79
Fiji,FJI,2021,89006.83
Fiji,FJI,2022,259420.78
Fiji,FJI,2023,396902.38
Fiji,FJI,2024,430548.12
Finland,FIN,2013,1785723.1
Finland,FIN,2014,1817864.5
Finland,FIN,2015,1934752.5
Finland,FIN,2016,1977577.8
Finland,FIN,2017,2075602.8
Finland,FIN,2018,2352636.8
Finland,FIN,2019,2434024.2
Finland,FIN,2020,864716.9
Finland,FIN,2021,837422.6
Finland,FIN,2022,1559566
Finland,FIN,2023,1816349.9
Finland,FIN,2024,1931600.2
France,FRA,2013,19392612
France,FRA,2014,19952844
France,FRA,2015,20173416
France,FRA,2016,20270432
France,FRA,2017,20773766
France,FRA,2018,21779800
France,FRA,2019,22477580
France,FRA,2020,10026056
France,FRA,2021,11430324
France,FRA,2022,17481900
France,FRA,2023,19703268
France,FRA,2024,20484012
Gabon,GAB,2013,149613.84
Gabon,GAB,2014,138820.83
Gabon,GAB,2015,158185.6
Gabon,GAB,2016,163290.61
Gabon,GAB,2017,145858.45
Gabon,GAB,2018,117562.95
Gabon,GAB,2021,58821.59
Gabon,GAB,2022,97539.93
Gabon,GAB,2023,100428.07
Gabon,GAB,2024,102353.195
Georgia,GEO,2013,169672.5
Georgia,GEO,2014,185351.06
Georgia,GEO,2015,197506.97
Georgia,GEO,2016,222362.52
Georgia,GEO,2017,306581.53
Georgia,GEO,2018,403434.28
Georgia,GEO,2019,365665.28
Georgia,GEO,2020,93668.69
Georgia,GEO,2024,546810.25
Germany,DEU,2013,22457504
Germany,DEU,2014,23227958
Germany,DEU,2015,24086176
Germany,DEU,2016,24827734
Germany,DEU,2017,25240464
Germany,DEU,2018,25708864
Germany,DEU,2019,26098392
Germany,DEU,2020,9669638
Germany,DEU,2021,11098691
Germany,DEU,2022,17866070
Germany,DEU,2023,20385050
Germany,DEU,2024,21716548
Ghana,GHA,2013,518065.4
Ghana,GHA,2014,568565.8
Ghana,GHA,2015,539204.9
Ghana,GHA,2016,587389.06
Ghana,GHA,2017,593975.6
Ghana,GHA,2018,588390.94
Ghana,GHA,2021,442901.25
Ghana,GHA,2022,550350.7
Ghana,GHA,2023,532819.5
Ghana,GHA,2024,552542.06
Greece,GRC,2013,1956750.5
Greece,GRC,2014,2305529.8
Greece,GRC,2015,2676013.8
Greece,GRC,2016,2937505
Greece,GRC,2017,3161480.5
Greece,GRC,2018,3662889.8
Greece,GRC,2019,3897872.5
Greece,GRC,2020,1481998.2
Greece,GRC,2021,2757269.8
Greece,GRC,2022,4132473.2
Greece,GRC,2023,4460585.5
Greece,GRC,2024,4895544
Guatemala,GTM,2013,183819.69
Guatemala,GTM,2014,201151.28
Guatemala,GTM,2015,198657.73
Guatemala,GTM,2016,209058.88
Guatemala,GTM,2017,217886.67
Guatemala,GTM,2018,240569.1
Guatemala,GTM,2019,281211.47
Guatemala,GTM,2020,114245.164
Guatemala,GTM,2021,229501.34
Guatemala,GTM,2022,283276.94
Guatemala,GTM,2023,335863.56
Guatemala,GTM,2024,374859.34
Haiti,HTI,2013,101847.47
Haiti,HTI,2014,118012.836
Haiti,HTI,2015,110196.734
Haiti,HTI,2016,115817.96
Haiti,HTI,2017,124230.37
Haiti,HTI,2018,151507.56
Haiti,HTI,2021,79252.98
Haiti,HTI,2022,55283.19
Haiti,HTI,2023,52899.91
Honduras,HND,2013,128221.914
Honduras,HND,2014,126417.266
Honduras,HND,2015,122458.49
Honduras,HND,2016,123900
Honduras,HND,2017,135071.98
Honduras,HND,2018,138282.02
Honduras,HND,2019,162251.64
Honduras,HND,2020,67881.14
Honduras,HND,2021,145401.55
Honduras,HND,2022,132025.62
Honduras,HND,2023,170467.56
Honduras,HND,2024,216007.02
Hong Kong,HKG,2024,9730094
Hungary,HUN,2018,945409.3
Hungary,HUN,2021,391614.9
Hungary,HUN,2022,783788.56
Hungary,HUN,2023,960276.4
Hungary,HUN,2024,1170880.5
Iceland,ISL,2013,452656.78
Iceland,ISL,2014,536320.25
Iceland,ISL,2015,645138.25
Iceland,ISL,2016,901016.2
Iceland,ISL,2017,1154099.1
Iceland,ISL,2018,1309311.9
Iceland,ISL,2019,1205579.8
Iceland,ISL,2020,298406.84
Iceland,ISL,2021,426780.38
Iceland,ISL,2022,875032.3
Iceland,ISL,2023,988061.2
Iceland,ISL,2024,1014980.1
India,IND,2013,14596976
India,IND,2014,15258393
India,IND,2015,16293406
India,IND,2016,18413726
India,IND,2017,20646592
India,IND,2018,23073864
India,IND,2019,22514864
India,IND,2020,10591444
India,IND,2021,13125992
India,IND,2022,18926570
India,IND,2023,22478954
India,IND,2024,24780036
Indonesia,IDN,2013,10187038
Indonesia,IDN,2014,11131188
Indonesia,IDN,2015,12085634
Indonesia,IDN,2016,13177270
Indonesia,IDN,2017,14813238
Indonesia,IDN,2018,15544740
Indonesia,IDN,2019,12067947
Indonesia,IDN,2020,5736663
Indonesia,IDN,2021,4674657.5
Indonesia,IDN,2022,7305883
Indonesia,IDN,2023,9914948
Indonesia,IDN,2024,10574371
Iran,IRN,2013,1806669
Iran,IRN,2014,2025429.8
Iran,IRN,2015,1928283.8
Iran,IRN,2016,2440322.5
Iran,IRN,2017,3119318
Iran,IRN,2018,3216020.5
Iran,IRN,2019,1164183.1
Iran,IRN,2020,494768.72
Iran,IRN,2021,600933.9
Iran,IRN,2022,620985.9
Iran,IRN,2023,694274.1
Iran,IRN,2024,686461.9
Iraq,IRQ,2013,307937.62
Iraq,IRQ,2014,554708.25
Iraq,IRQ,2015,644520
Iraq,IRQ,2016,814362.25
Iraq,IRQ,2017,678376.4
Iraq,IRQ,2018,709587.25
Iraq,IRQ,2019,510951
Iraq,IRQ,2021,262468.8
Iraq,IRQ,2022,343584.75
Iraq,IRQ,2023,394137
Iraq,IRQ,2024,413345.75
Ireland,IRL,2013,1791548.4
Ireland,IRL,2014,1976337.6
Ireland,IRL,2015,2247279.5
Ireland,IRL,2016,2483976.5
Ireland,IRL,2017,2773709.5
Ireland,IRL,2018,3054874.2
Ireland,IRL,2019,3202413.2
Ireland,IRL,2020,1176798
Ireland,IRL,2021,1138713.8
Ireland,IRL,2022,2762353.2
Ireland,IRL,2023,3100927.2
Ireland,IRL,2024,3125243.8
Israel,ISR,2013,2120523
Israel,ISR,2014,2231792
Israel,ISR,2015,2317129.8
Israel,ISR,2016,2452948
Israel,ISR,2017,2768328.8
Israel,ISR,2018,3094809.8
Israel,ISR,2019,3290681.5
Israel,ISR,2020,1086389.5
Israel,ISR,2021,1350726.8
Israel,ISR,2022,2432198
Israel,ISR,2023,2662488.8
Israel,ISR,2024,1618955.8
Italy,ITA,2013,10086854
Italy,ITA,2014,10458492
Italy,ITA,2015,10936170
Italy,ITA,2016,11624050
Italy,ITA,2017,12060305
Italy,ITA,2018,13014944
Italy,ITA,2019,13797322
Italy,ITA,2020,4511686.5
Italy,ITA,2021,5811581
Italy,ITA,2022,10595290
Italy,ITA,2023,12430346
Italy,ITA,2024,14278832
Jamaica,JAM,2013,532224.3
Jamaica,JAM,2014,597484.75
Jamaica,JAM,2015,607874.8
Jamaica,JAM,2016,620830.06
Jamaica,JAM,2017,649537.9
Jamaica,JAM,2018,686276.5
Jamaica,JAM,2019,697792.06
Jamaica,JAM,2021,400721.7
Jamaica,JAM,2022,612926.8
Jamaica,JAM,2023,666944.75
Jamaica,JAM,2024,658997.25
Japan,JPN,2013,26101030
Japan,JPN,2014,26833504
Japan,JPN,2015,27395602
Japan,JPN,2016,27935552
Japan,JPN,2017,28344838
Japan,JPN,2018,29116276
Japan,JPN,2019,30037716
Japan,JPN,2020,14625888
Japan,JPN,2021,13447762
Japan,JPN,2022,17771756
Japan,JPN,2023,23961202
Japan,JPN,2024,27390932
Jordan,JOR,2013,852174.5
Jordan,JOR,2014,867918.7
Jordan,JOR,2015,818739.94
Jordan,JOR,2016,850269
Jordan,JOR,2017,846495.1
Jordan,JOR,2018,891550.2
Jordan,JOR,2019,908919.7
Jordan,JOR,2021,513006.9
Jordan,JOR,2022,808422.3
Jordan,JOR,2023,903682.3
Jordan,JOR,2024,845146.2
Kazakhstan,KAZ,2013,1067842.5
Kazakhstan,KAZ,2014,1164055.8
Kazakhstan,KAZ,2015,1194497.6
Kazakhstan,KAZ,2016,1223728.9
Kazakhstan,KAZ,2017,1397944.2
Kazakhstan,KAZ,2018,1405344.4
Kazakhstan,KAZ,2019,1284657.8
Kazakhstan,KAZ,2020,740977.25
Kazakhstan,KAZ,2021,1105013.2
Kazakhstan,KAZ,2022,1423415.2
Kazakhstan,KAZ,2023,1794828.5
Kazakhstan,KAZ,2024,2008884.2
Kenya,KEN,2013,1329224.6
Kenya,KEN,2014,1326594.6
Kenya,KEN,2015,1224974.5
Kenya,KEN,2016,1250924.4
Kenya,KEN,2017,1357785.4
Kenya,KEN,2018,1454068.1
Kenya,KEN,2019,1133808.2
Kenya,KEN,2020,568722.25
Kenya,KEN,2021,770653.5
Kenya,KEN,2022,983656.9
Kenya,KEN,2023,1254999.8
Kenya,KEN,2024,1451385.1
Kiribati,KIR,2016,7497.8267
Kiribati,KIR,2017,10220.225
Kiribati,KIR,2018,10110.314
Kiribati,KIR,2024,10273.5205
Kyrgyzstan,KGZ,2013,275307.8
Kyrgyzstan,KGZ,2014,330646.9
Kyrgyzstan,KGZ,2015,298245.62
Kyrgyzstan,KGZ,2016,305175.56
Kyrgyzstan,KGZ,2017,308901
Kyrgyzstan,KGZ,2018,267070.84
Kyrgyzstan,KGZ,2019,246557.7
Kyrgyzstan,KGZ,2020,154629.22
Kyrgyzstan,KGZ,2021,279759.06
Kyrgyzstan,KGZ,2022,422810.78
Kyrgyzstan,KGZ,2023,418701.78
Kyrgyzstan,KGZ,2024,420541.84
Laos,LAO,2013,109614.516
Laos,LAO,2014,104363.97
Laos,LAO,2015,110232.5
Laos,LAO,2016,136463.98
Laos,LAO,2017,170821.98
Laos,LAO,2018,206000.97
Laos,LAO,2019,174052.75
Laos,LAO,2021,13726.035
Laos,LAO,2022,39249.816
Laos,LAO,2023,100218.125
Laos,LAO,2024,171639.97
Latvia,LVA,2017,306908.8
Latvia,LVA,2018,329699
Latvia,LVA,2019,429453.72
Libya,LBY,2013,400692.1
Libya,LBY,2014,389125.9
Libya,LBY,2015,129587.92
Libya,LBY,2016,140734.42
Libya,LBY,2017,129855.44
Libya,LBY,2018,103913.41
Libya,LBY,2019,78793.65
Libya,LBY,2021,87234.01
Libya,LBY,2022,105576.73
Libya,LBY,2023,179641.11
Libya,LBY,2024,208051.75
Lithuania,LTU,2019,341613.7
Lithuania,LTU,2020,140523.08
Lithuania,LTU,2021,193180.77
Lithuania,LTU,2022,318307.25
Lithuania,LTU,2023,340869.84
Lithuania,LTU,2024,369208.75
Madagascar,MDG,2013,203053.9
Madagascar,MDG,2014,193359.6
Madagascar,MDG,2015,199098.86
Madagascar,MDG,2016,187665.33
Madagascar,MDG,2017,193068.78
Madagascar,MDG,2018,210207.16
Madagascar,MDG,2019,175827.81
Madagascar,MDG,2021,53693.64
Madagascar,MDG,2022,121589.43
Madagascar,MDG,2023,166831.34
Madagascar,MDG,2024,156902.52
Malawi,MWI,2013,35073.14
Malawi,MWI,2014,61578.387
Malawi,MWI,2015,56981.44
Malawi,MWI,2016,46414.883
Malawi,MWI,2017,50556.652
Malawi,MWI,2018,62058.5
Malawi,MWI,2024,45380.18
Malaysia,MYS,2013,7313033
Malaysia,MYS,2014,8042852
Malaysia,MYS,2015,7966163.5
Malaysia,MYS,2016,7675840
Malaysia,MYS,2017,8209377
Malaysia,MYS,2018,8284597
Malaysia,MYS,2019,8395227
Malaysia,MYS,2020,2716705.2
Malaysia,MYS,2021,1806614.2
Malaysia,MYS,2022,4143219
Malaysia,MYS,2023,6278370.5
Malaysia,MYS,2024,7226083
Maldives,MDV,2013,574173.9
Maldives,MDV,2014,637919.9
Maldives,MDV,2015,628213.44
Maldives,MDV,2016,660424.4
Maldives,MDV,2017,662803.44
Maldives,MDV,2018,686658.1
Maldives,MDV,2019,728986.94
Maldives,MDV,2021,724277.44
Maldives,MDV,2022,799892.56
Maldives,MDV,2023,818260.3
Maldives,MDV,2024,914955.06
Marshall Islands,MHL,2013,10800.758
Marshall Islands,MHL,2014,12071.929
Marshall Islands,MHL,2015,11864.821
Marshall Islands,MHL,2016,13013.1
Marshall Islands,MHL,2017,15544.395
Marshall Islands,MHL,2018,18031.75
Marshall Islands,MHL,2019,37375.29
Marshall Islands,MHL,2020,17156.787
Marshall Islands,MHL,2021,19988.133
Marshall Islands,MHL,2022,20413.623
Marshall Islands,MHL,2023,24643.734
Marshall Islands,MHL,2024,30508.432
Mauritania,MRT,2013,59188.977
Mauritania,MRT,2014,62826.887
Mauritania,MRT,2015,62175.29
Mauritania,MRT,2016,62264.168
Mauritania,MRT,2017,67609.984
Mauritania,MRT,2018,72866.586
Mauritania,MRT,2021,49715.043
Mauritania,MRT,2022,66054.766
Mauritius,MUS,2013,720057.44
Mauritius,MUS,2014,757358.8
Mauritius,MUS,2015,821610.25
Mauritius,MUS,2016,909932.4
Mauritius,MUS,2017,974948.75
Mauritius,MUS,2018,984081.44
Mexico,MEX,2013,7891406
Mexico,MEX,2014,8530064
Mexico,MEX,2015,9291230
Mexico,MEX,2016,10116155
Mexico,MEX,2017,10985653
Mexico,MEX,2018,11804818
Mexico,MEX,2019,12384220
Mexico,MEX,2020,7055921
Mexico,MEX,2021,10113878
Mexico,MEX,2022,12448054
Mexico,MEX,2023,13332190
Mexico,MEX,2024,13493034
Micronesia (country),FSM,2013,13281.735
Micronesia (country),FSM,2014,13286.57
Micronesia (country),FSM,2015,14130.702
Micronesia (country),FSM,2016,16236.637
Micronesia (country),FSM,2017,17037.922
Micronesia (country),FSM,2018,19302.453
Micronesia (country),FSM,2019,24700.86
Micronesia (country),FSM,2020,9642.273
Micronesia (country),FSM,2021,8728.835
Micronesia (country),FSM,2022,13191.44
Micronesia (country),FSM,2023,18467.387
Micronesia (country),FSM,2024,23205.957
Mongolia,MNG,2013,171645.67
Mongolia,MNG,2014,140009
Mongolia,MNG,2015,104427.81
Mongolia,MNG,2016,103328.33
Mongolia,MNG,2017,115423.586
Mongolia,MNG,2018,121092.64
Montenegro,MNE,2013,79828.85
Morocco,MAR,2013,1651575.1
Morocco,MAR,2014,1774791.4
Morocco,MAR,2015,1834989.5
Morocco,MAR,2016,1883372.5
Morocco,MAR,2017,2085549.8
Morocco,MAR,2018,2277299.2
Morocco,MAR,2019,2385452.5
Morocco,MAR,2021,943317.4
Morocco,MAR,2022,1813409
Morocco,MAR,2023,2254483.5
Morocco,MAR,2024,2623191.2
Mozambique,MOZ,2013,199505.4
Mozambique,MOZ,2014,203919.28
Mozambique,MOZ,2015,215472.02
Mozambique,MOZ,2016,202565.98
Mozambique,MOZ,2017,201243.9
Mozambique,MOZ,2018,219920.94
Mozambique,MOZ,2019,113851.836
Mozambique,MOZ,2020,64093.93
Mozambique,MOZ,2021,102610.44
Mozambique,MOZ,2022,150061.97
Mozambique,MOZ,2023,160869.05
Mozambique,MOZ,2024,178466.2
Myanmar,MMR,2013,346128.34
Myanmar,MMR,2014,363833.56
Myanmar,MMR,2015,481441.16
Myanmar,MMR,2016,592371.4
Myanmar,MMR,2017,680870.9
Myanmar,MMR,2018,629235.3
Myanmar,MMR,2019,570156.44
Myanmar,MMR,2021,91914.81
Myanmar,MMR,2022,147456.73
Myanmar,MMR,2023,208118.22
Myanmar,MMR,2024,181382.66
Namibia,NAM,2013,146504.39
Namibia,NAM,2014,141736.12
Namibia,NAM,2015,167084.88
Namibia,NAM,2016,174579.03
Namibia,NAM,2017,240756.17
Namibia,NAM,2018,254289.88
Namibia,NAM,2019,183267.84
Namibia,NAM,2022,123602.055
Namibia,NAM,2023,159030.72
Namibia,NAM,2024,164637.66
Nepal,NPL,2013,410485.72
Nepal,NPL,2014,475493.88
Nepal,NPL,2015,448820.8
Nepal,NPL,2016,449037.2
Nepal,NPL,2017,557236.25
Nepal,NPL,2018,617436.3
Nepal,NPL,2022,594165.5
Nepal,NPL,2023,603215.8
Nepal,NPL,2024,552968.94
Netherlands,NLD,2013,7859429
Netherlands,NLD,2014,8017811
Netherlands,NLD,2015,8407953
Netherlands,NLD,2016,8969127
Netherlands,NLD,2017,9475232
Netherlands,NLD,2018,9958722
Netherlands,NLD,2019,10217228
Netherlands,NLD,2020,5310349.5
Netherlands,NLD,2021,5962390.5
Netherlands,NLD,2022,7853536
Netherlands,NLD,2023,8561452
Netherlands,NLD,2024,9138794
New Zealand,NZL,2013,3072976.2
New Zealand,NZL,2014,3151131.8
New Zealand,NZL,2015,3314794.5
New Zealand,NZL,2016,3867993.5
New Zealand,NZL,2017,4382265
New Zealand,NZL,2018,4571307
New Zealand,NZL,2019,4530525.5
New Zealand,NZL,2020,2197627
New Zealand,NZL,2021,1622873.5
New Zealand,NZL,2022,2266529
New Zealand,NZL,2023,3645798
New Zealand,NZL,2024,4031796.5
Nicaragua,NIC,2016,105156.05
Nicaragua,NIC,2017,109429.2
Nicaragua,NIC,2018,82072.945
Nicaragua,NIC,2024,88752.5
Niger,NER,2013,57468.777
Niger,NER,2014,61687.08
Niger,NER,2015,69424.15
Niger,NER,2016,71897.3
Niger,NER,2017,74275.24
Niger,NER,2018,81168.875
Nigeria,NGA,2013,1652222
Nigeria,NGA,2014,1757834.5
Nigeria,NGA,2015,1690663.9
Nigeria,NGA,2016,1462608.5
Nigeria,NGA,2017,1314797.1
Nigeria,NGA,2018,1482698.4
Nigeria,NGA,2019,1167243.6
Nigeria,NGA,2020,551366.44
Nigeria,NGA,2021,811423
Nigeria,NGA,2022,1055993.5
Nigeria,NGA,2023,1054152
Nigeria,NGA,2024,1075988
North America,,2013,184427360
North America,,2014,190023300
North America,,2015,198659680
North America,,2016,208171780
North America,,2017,215276200
North America,,2018,223239650
North America,,2019,242812290
North America,,2020,129550750
North America,,2021,170049220
North America,,2022,207892030
North America,,2023,228911330
North America,,2024,240928300
North Macedonia,MKD,2013,55678.523
North Macedonia,MKD,2014,68923.7
North Macedonia,MKD,2015,83880.31
Norway,NOR,2013,2752398
Norway,NOR,2014,2824811.2
Norway,NOR,2015,2830799.5
Norway,NOR,2016,2842861
Norway,NOR,2017,2858055
Norway,NOR,2018,2973743.8
Norway,NOR,2019,2860174
Norway,NOR,2020,1373608
Norway,NOR,2021,1460526.2
Norway,NOR,2022,2524234.2
Norway,NOR,2023,2621709
Norway,NOR,2024,2713949.5
OECD,,2019,505450600
OECD,,2020,237835970
OECD,,2021,288767550
OECD,,2022,400305400
OECD,,2023,458827700
OECD,,2024,490753660
Oceania,,2013,22851442
Oceania,,2014,23246218
Oceania,,2015,23657710
Oceania,,2016,25560030
Oceania,,2017,27016484
Oceania,,2018,27945182
Oceania,,2019,27092012
Oceania,,2020,11564691
Oceania,,2021,9709686
Oceania,,2022,16501543
Oceania,,2023,22516196
Oceania,,2024,24856254
Oman,OMN,2013,961515.2
Oman,OMN,2014,991853.9
Oman,OMN,2015,1246875.4
Oman,OMN,2016,1430721.2
Oman,OMN,2017,1705861.9
Oman,OMN,2018,1818742.4
Oman,OMN,2019,1804981
Oman,OMN,2020,489220.22
Oman,OMN,2021,482911.2
Oman,OMN,2022,961317.4
Oman,OMN,2023,1372615.8
Oman,OMN,2024,1278086.5
Pakistan,PAK,2013,1921941.8
Pakistan,PAK,2014,1832829.6
Pakistan,PAK,2015,2043151.9
Pakistan,PAK,2016,2228623.2
Pakistan,PAK,2017,2333012.5
Pakistan,PAK,2018,2342934.8
Pakistan,PAK,2019,2170632.2
Pakistan,PAK,2020,1147595.2
Pakistan,PAK,2021,1341200.2
Pakistan,PAK,2022,1931747.9
Pakistan,PAK,2023,1977266.8
Pakistan,PAK,2024,2079155.9
Panama,PAN,2013,1409113.6
Panama,PAN,2014,1612576.5
Panama,PAN,2015,1745233
Panama,PAN,2016,1841383.8
Panama,PAN,2017,1930883.2
Panama,PAN,2018,2008983.6
Panama,PAN,2019,2044128.1
Panama,PAN,2020,670327.8
Panama,PAN,2021,1097668.6
Panama,PAN,2022,1742578.9
Panama,PAN,2023,1995278.5
Panama,PAN,2024,2038614.8
Papua New Guinea,PNG,2013,236050.02
Papua New Guinea,PNG,2014,270469.16
Papua New Guinea,PNG,2015,276325.5
Papua New Guinea,PNG,2016,270911.3
Papua New Guinea,PNG,2017,293246.03
Papua New Guinea,PNG,2018,271870.7
Papua New Guinea,PNG,2021,49165.652
Papua New Guinea,PNG,2022,63970.35
Paraguay,PRY,2013,98411.78
Paraguay,PRY,2014,111384.22
Paraguay,PRY,2015,96854.414
Paraguay,PRY,2016,123387.54
Paraguay,PRY,2017,149265.94
Paraguay,PRY,2018,170988.28
Paraguay,PRY,2019,142134.2
Paraguay,PRY,2020,45663.273
Paraguay,PRY,2021,84745.53
Paraguay,PRY,2022,134868.88
Paraguay,PRY,2023,154210.78
Paraguay,PRY,2024,165970
Peru,PER,2013,2395964.2
Peru,PER,2014,2448630
Peru,PER,2015,2584904
Peru,PER,2016,2839795
Peru,PER,2017,2980733
Peru,PER,2018,3167237
Peru,PER,2019,2812679.5
Peru,PER,2020,953293.25
Peru,PER,2021,1400353.8
Peru,PER,2022,2043562.4
Peru,PER,2023,2397506
Peru,PER,2024,2646718.8
Philippines,PHL,2013,4766493
Philippines,PHL,2014,4954307
Philippines,PHL,2015,5157558.5
Philippines,PHL,2016,5653291
Philippines,PHL,2017,6164551
Philippines,PHL,2018,6499220.5
Philippines,PHL,2019,6809604
Philippines,PHL,2020,2462166.2
Philippines,PHL,2021,2153157.5
Philippines,PHL,2022,4255400.5
Philippines,PHL,2023,5558570
Philippines,PHL,2024,6100960
Poland,POL,2013,1393346.9
Poland,POL,2014,1446165.2
Poland,POL,2015,1581522.4
Poland,POL,2016,1855305.8
Poland,POL,2017,2217578.5
Poland,POL,2018,2614434.2
Poland,POL,2019,3012347.5
Poland,POL,2020,1242958.8
Poland,POL,2021,1617565.8
Poland,POL,2022,2678790.8
Poland,POL,2023,3162979.5
Poland,POL,2024,3557345.8
Portugal,PRT,2013,3065104
Portugal,PRT,2014,3260431
Portugal,PRT,2015,3457172
Portugal,PRT,2016,3809848.5
Portugal,PRT,2017,4301552.5
Portugal,PRT,2018,4710623
Portugal,PRT,2019,5087823
Portugal,PRT,2020,2008937.4
Portugal,PRT,2021,2601854.2
Portugal,PRT,2022,4782634.5
Portugal,PRT,2023,5432128.5
Portugal,PRT,2024,5718987
Qatar,QAT,2021,7062559.5
Qatar,QAT,2022,8876331
Qatar,QAT,2023,10265832
Qatar,QAT,2024,11488013
Romania,ROU,2013,723209.4
Romania,ROU,2014,790918.5
Romania,ROU,2015,882743.5
Romania,ROU,2016,1057415.9
Romania,ROU,2017,1238982.9
Romania,ROU,2018,1311374.8
Romania,ROU,2019,1333929.9
Romania,ROU,2020,601036.75
Romania,ROU,2021,857598.44
Romania,ROU,2022,1313935.6
Romania,ROU,2023,1364177.2
Romania,ROU,2024,1473407.4
Russia,RUS,2013,14261498
Russia,RUS,2014,15018814
Russia,RUS,2015,14656826
Russia,RUS,2016,13929430
Russia,RUS,2017,15720598
Russia,RUS,2018,17822850
Russia,RUS,2019,19156546
Russia,RUS,2020,11669832
Russia,RUS,2021,16174772
Russia,RUS,2022,14452173
Russia,RUS,2023,14738956
Russia,RUS,2024,14723488
Rwanda,RWA,2013,84773.375
Rwanda,RWA,2014,88630.43
Rwanda,RWA,2015,106929.67
Rwanda,RWA,2016,127152.71
Rwanda,RWA,2017,181956.23
Rwanda,RWA,2018,171818.72
Rwanda,RWA,2021,82845.17
Rwanda,RWA,2023,147954.78
Saint Kitts and Nevis,KNA,2013,21990.037
Saint Kitts and Nevis,KNA,2014,23085.348
Saint Kitts and Nevis,KNA,2015,23600.848
Saint Kitts and Nevis,KNA,2016,24350.076
Saint Kitts and Nevis,KNA,2017,23726.12
Saint Kitts and Nevis,KNA,2018,24990.55
Saint Kitts and Nevis,KNA,2019,30086.174
Saint Kitts and Nevis,KNA,2020,12978.729
Saint Kitts and Nevis,KNA,2021,9937.86
Saint Kitts and Nevis,KNA,2023,23440.309
Saint Kitts and Nevis,KNA,2024,29863.465
Saint Vincent and the Grenadines,VCT,2019,19685.951
Saint Vincent and the Grenadines,VCT,2020,14658.888
Saint Vincent and the Grenadines,VCT,2021,18571.771
Saint Vincent and the Grenadines,VCT,2022,27854.484
Saint Vincent and the Grenadines,VCT,2023,28855.693
Samoa,WSM,2015,38528.633
Sao Tome and Principe,STP,2015,15078.162
Sao Tome and Principe,STP,2016,13287.125
Sao Tome and Principe,STP,2017,11657.753
Sao Tome and Principe,STP,2018,9118.594
Sao Tome and Principe,STP,2024,16310.596
Saudi Arabia,SAU,2013,6393123
Saudi Arabia,SAU,2014,7399462.5
Saudi Arabia,SAU,2015,7983059
Saudi Arabia,SAU,2016,8875366
Saudi Arabia,SAU,2017,9428761
Saudi Arabia,SAU,2018,9462851
Saudi Arabia,SAU,2019,9278226
Saudi Arabia,SAU,2020,3429559
Saudi Arabia,SAU,2021,4186322
Saudi Arabia,SAU,2022,7555056
Saudi Arabia,SAU,2023,9308296
Saudi Arabia,SAU,2024,10371516
Senegal,SEN,2013,460889.06
Senegal,SEN,2014,461815.12
Senegal,SEN,2015,398505.56
Senegal,SEN,2016,388669.22
Senegal,SEN,2017,415175.12
Senegal,SEN,2018,422940.12
Senegal,SEN,2019,450479.34
Senegal,SEN,2020,292764.4
Senegal,SEN,2021,385178.12
Senegal,SEN,2022,439831.22
Senegal,SEN,2023,430043.12
Senegal,SEN,2024,402619.94
Serbia,SRB,2021,294201.03
Serbia,SRB,2022,414782.16
Serbia,SRB,2023,559017.9
Serbia,SRB,2024,558042.9
Seychelles,SYC,2013,153847.89
Seychelles,SYC,2014,148208.84
Seychelles,SYC,2015,172959.72
Seychelles,SYC,2016,210220.17
Seychelles,SYC,2017,254438.95
Seychelles,SYC,2018,263078.5
Seychelles,SYC,2021,199174.81
Seychelles,SYC,2022,300168.22
Seychelles,SYC,2023,237567.73
Seychelles,SYC,2024,191405.05
Singapore,SGP,2019,12750403
Singapore,SGP,2020,4147133.8
Singapore,SGP,2022,7020379.5
Singapore,SGP,2023,10273008
Singapore,SGP,2024,11837335
Slovakia,SVK,2013,73502.664
Slovakia,SVK,2014,92237.74
Slovakia,SVK,2015,116741.805
Slovakia,SVK,2016,120000.25
Slovakia,SVK,2017,120779.98
Slovakia,SVK,2018,150010.02
Slovakia,SVK,2019,153829.89
Slovakia,SVK,2020,43954.598
Slovakia,SVK,2021,57164.742
Slovakia,SVK,2022,126740.19
Slovakia,SVK,2023,141758.8
Slovakia,SVK,2024,166689.86
Slovenia,SVN,2022,73428.836
Solomon Islands,SLB,2013,23689.22
Solomon Islands,SLB,2014,22506.283
Solomon Islands,SLB,2015,29092.484
Solomon Islands,SLB,2016,31868.72
Solomon Islands,SLB,2017,31297.617
Solomon Islands,SLB,2018,32179.783
Somalia,SOM,2013,48179.78
Somalia,SOM,2014,37496.004
Somalia,SOM,2015,37167.223
Somalia,SOM,2016,32785.656
Somalia,SOM,2017,57099.984
Somalia,SOM,2018,56159.35
Somalia,SOM,2022,50522.195
Somalia,SOM,2023,70048.97
Somalia,SOM,2024,65535.66
South Africa,ZAF,2013,5606511.5
South Africa,ZAF,2014,5716895.5
South Africa,ZAF,2015,5889399.5
South Africa,ZAF,2016,6043765.5
South Africa,ZAF,2017,6200163.5
South Africa,ZAF,2018,6177147.5
South Africa,ZAF,2019,6112908
South Africa,ZAF,2020,2283570
South Africa,ZAF,2021,2185697.5
South Africa,ZAF,2022,3619989.2
South Africa,ZAF,2023,4562291
South America,,2013,31401730
South America,,2014,32143134
South America,,2015,32883888
South America,,2016,32160360
South America,,2017,32458404
South America,,2018,34408812
South America,,2019,30758272
South America,,2020,13236918
South America,,2021,17808774
South America,,2022,26624124
South America,,2023,30022088
South America,,2024,32008374
South Korea,KOR,2013,10697174
South Korea,KOR,2014,11525846
South Korea,KOR,2015,12314326
South Korea,KOR,2016,13159827
South Korea,KOR,2017,13906513
South Korea,KOR,2018,14663417
South Korea,KOR,2019,15904747
South Korea,KOR,2020,7109256.5
South Korea,KOR,2021,7026593.5
South Korea,KOR,2022,8529169
South Korea,KOR,2023,12610549
South Korea,KOR,2024,14757938
South Sudan,SSD,2016,35342.496
South Sudan,SSD,2017,30339.156
South Sudan,SSD,2018,31523.959
Spain,ESP,2013,14507872
Spain,ESP,2014,14939130
Spain,ESP,2015,15871504
Spain,ESP,2016,17596844
Spain,ESP,2017,18869764
Spain,ESP,2018,19900810
Spain,ESP,2019,20727732
Spain,ESP,2020,7315300.5
Spain,ESP,2021,9969655
Spain,ESP,2022,17670416
Spain,ESP,2023,19725742
Spain,ESP,2024,22142820
Sri Lanka,LKA,2013,1163198.8
Sri Lanka,LKA,2014,1267645
Sri Lanka,LKA,2015,1369010.9
Sri Lanka,LKA,2016,1444112.6
Sri Lanka,LKA,2017,1476627.2
Sri Lanka,LKA,2018,1614050.5
Sudan,SDN,2013,351715.97
Sudan,SDN,2014,299065.56
Sudan,SDN,2015,348679.7
Sudan,SDN,2016,394853.1
Sudan,SDN,2017,443614.25
Sudan,SDN,2018,420153.12
Sudan,SDN,2019,210002.33
Sweden,SWE,2013,2318426.2
Sweden,SWE,2014,2461202
Sweden,SWE,2015,2577659.5
Sweden,SWE,2016,2877673.5
Sweden,SWE,2017,3098639
Sweden,SWE,2018,3178204.2
Sweden,SWE,2019,3091396
Sweden,SWE,2020,1021854.75
Sweden,SWE,2021,1160231.8
Sweden,SWE,2022,2171155.5
Sweden,SWE,2023,2292904.5
Sweden,SWE,2024,2225782
Switzerland,CHE,2013,4834855
Switzerland,CHE,2014,4957019.5
Switzerland,CHE,2015,5170260.5
Switzerland,CHE,2016,5490476
Switzerland,CHE,2017,5611548
Switzerland,CHE,2018,5833937.5
Switzerland,CHE,2019,5628150
Switzerland,CHE,2020,2173377.2
Switzerland,CHE,2021,2461605
Switzerland,CHE,2022,4186597.2
Switzerland,CHE,2023,4941911.5
Switzerland,CHE,2024,5334926
Syria,SYR,2013,50007.703
Syria,SYR,2014,6851.1035
Syria,SYR,2015,6204.3394
Syria,SYR,2016,48172.867
Syria,SYR,2017,58765.418
Syria,SYR,2018,51787.953
Taiwan,TWN,2013,5075517
Taiwan,TWN,2014,5588861.5
Taiwan,TWN,2015,6126778
Taiwan,TWN,2016,6876310.5
Taiwan,TWN,2017,7264923
Taiwan,TWN,2018,7588032
Tajikistan,TJK,2013,215344.28
Tajikistan,TJK,2014,271957.1
Tajikistan,TJK,2015,266351.22
Tajikistan,TJK,2016,235829.45
Tajikistan,TJK,2017,234776.66
Tajikistan,TJK,2018,227033.27
Tajikistan,TJK,2019,210003.36
Tajikistan,TJK,2022,286327.7
Tajikistan,TJK,2023,330536.16
Tajikistan,TJK,2024,272497.22
Tanzania,TZA,2013,421416.44
Tanzania,TZA,2014,414392.75
Tanzania,TZA,2015,511782.8
Tanzania,TZA,2016,520978.38
Tanzania,TZA,2017,531904.9
Tanzania,TZA,2018,587135.5
Tanzania,TZA,2019,421789.8
Tanzania,TZA,2020,216339.64
Tanzania,TZA,2021,314302.56
Tanzania,TZA,2022,374668.5
Tanzania,TZA,2023,431178.4
Tanzania,TZA,2024,509660.7
Thailand,THA,2013,11473866
Thailand,THA,2014,11821322
Thailand,THA,2015,13119088
Thailand,THA,2016,14094117
Thailand,THA,2017,14739546
Thailand,THA,2018,15812476
Thailand,THA,2019,15460242
Thailand,THA,2020,5667787.5
Thailand,THA,2021,3193700.8
Thailand,THA,2022,6585689
Thailand,THA,2023,10316705
Thailand,THA,2024,12344928
Togo,TGO,2024,191484.14
Tonga,TON,2015,18634.164
Tonga,TON,2016,21124.215
Tonga,TON,2017,23532.646
Tonga,TON,2018,22884.336
Trinidad and Tobago,TTO,2013,258902.94
Trinidad and Tobago,TTO,2014,280528.78
Trinidad and Tobago,TTO,2015,293831.72
Trinidad and Tobago,TTO,2016,260763.34
Trinidad and Tobago,TTO,2017,251354.72
Trinidad and Tobago,TTO,2018,235588.84
Trinidad and Tobago,TTO,2019,256626.5
Trinidad and Tobago,TTO,2020,72616.32
Trinidad and Tobago,TTO,2021,55421.285
Trinidad and Tobago,TTO,2022,152277.44
Trinidad and Tobago,TTO,2023,190360.06
Trinidad and Tobago,TTO,2024,213669.05
Tunisia,TUN,2013,731845.06
Tunisia,TUN,2014,667704.4
Tunisia,TUN,2015,596331.8
Tunisia,TUN,2016,512840.03
Tunisia,TUN,2017,606404.6
Tunisia,TUN,2018,759111.5
Tunisia,TUN,2019,789987.4
Tunisia,TUN,2020,259892.72
Tunisia,TUN,2021,356020.56
Tunisia,TUN,2022,616978.94
Tunisia,TUN,2023,767577.56
Tunisia,TUN,2024,821367.75
Turkey,TUR,2013,9225536
Turkey,TUR,2014,10590443
Turkey,TUR,2015,12196179
Turkey,TUR,2016,12590010
Turkey,TUR,2017,12702018
Turkey,TUR,2018,13872495
Turkey,TUR,2019,14960453
Turkey,TUR,2020,6072696
Turkey,TUR,2021,10011375
Turkey,TUR,2022,14533798
Turkey,TUR,2023,16566790
Turkey,TUR,2024,17355166
Turkmenistan,TKM,2015,200263.72
Turkmenistan,TKM,2016,251382.94
Turkmenistan,TKM,2017,231179.52
Turkmenistan,TKM,2018,258753.62
Turkmenistan,TKM,2019,171464.06
Turkmenistan,TKM,2021,32054.406
Turkmenistan,TKM,2023,84684.7
Turkmenistan,TKM,2024,159538.25
Uganda,UGA,2013,238818.88
Uganda,UGA,2014,243410.86
Uganda,UGA,2015,232251.52
Uganda,UGA,2016,207522.9
Uganda,UGA,2017,217481.67
Uganda,UGA,2018,265739.44
Ukraine,UKR,2013,975204.56
Ukraine,UKR,2014,922961.56
Ukraine,UKR,2015,959865.75
Ukraine,UKR,2016,1100423.1
Ukraine,UKR,2017,1312442.4
Ukraine,UKR,2018,1501824.6
Ukraine,UKR,2019,1327553.1
Ukraine,UKR,2020,572058.4
Ukraine,UKR,2021,1008219.5
United Arab Emirates,ARE,2013,20421772
United Arab Emirates,ARE,2014,22620268
United Arab Emirates,ARE,2015,25691524
United Arab Emirates,ARE,2016,27708126
United Arab Emirates,ARE,2017,28220684
United Arab Emirates,ARE,2018,27909522
United Arab Emirates,ARE,2019,25920724
United Arab Emirates,ARE,2020,10470746
United Arab Emirates,ARE,2021,11788998
United Arab Emirates,ARE,2022,17977414
United Arab Emirates,ARE,2023,23010930
United Arab Emirates,ARE,2024,25587126
United Kingdom,GBR,2013,30462500
United Kingdom,GBR,2014,31106040
United Kingdom,GBR,2015,32135974
United Kingdom,GBR,2016,33818264
United Kingdom,GBR,2017,34883420
United Kingdom,GBR,2018,35548130
United Kingdom,GBR,2019,35670824
United Kingdom,GBR,2020,13557939
United Kingdom,GBR,2021,11900114
United Kingdom,GBR,2022,25363986
United Kingdom,GBR,2023,31221556
United Kingdom,GBR,2024,33317548
United States,USA,2013,155853250
United States,USA,2014,159522130
United States,USA,2015,166228670
United States,USA,2016,173278140
United States,USA,2017,178136000
United States,USA,2018,184357500
United States,USA,2019,201470910
United States,USA,2020,111390420
United States,USA,2021,146616060
United States,USA,2022,173506560
United States,USA,2023,189982100
United States,USA,2024,200178060
Uruguay,URY,2013,205893.55
Uruguay,URY,2014,230024.84
Uruguay,URY,2015,277457.22
Uruguay,URY,2016,290308.4
Uruguay,URY,2017,303530.53
Uruguay,URY,2018,319469.8
Uruguay,URY,2021,139664.3
Uruguay,URY,2022,225066.69
Uruguay,URY,2023,284355.2
Uruguay,URY,2024,305450.84
Uzbekistan,UZB,2013,582520.6
Uzbekistan,UZB,2014,579145.44
Uzbekistan,UZB,2015,537209.75
Uzbekistan,UZB,2016,503151.44
Uzbekistan,UZB,2017,515260.8
Uzbekistan,UZB,2018,633487.4
Uzbekistan,UZB,2019,796710.06
Uzbekistan,UZB,2021,538788.9
Uzbekistan,UZB,2022,838111.56
Uzbekistan,UZB,2023,1053195
Vanuatu,VUT,2013,36136.957
Vanuatu,VUT,2014,34691.367
Vanuatu,VUT,2015,31913.844
Vanuatu,VUT,2016,29087.61
Vanuatu,VUT,2017,32240.13
Vanuatu,VUT,2018,36611.97
Vanuatu,VUT,2021,5176.0693
Venezuela,VEN,2013,1342976.8
Venezuela,VEN,2014,1204866.6
Venezuela,VEN,2015,1024980.44
Venezuela,VEN,2016,954780
Venezuela,VEN,2017,672260.3
Venezuela,VEN,2018,494548.44
Venezuela,VEN,2019,313791.94
Venezuela,VEN,2020,74464.32
Venezuela,VEN,2021,105591.72
Venezuela,VEN,2022,201960.28
Venezuela,VEN,2023,288826.53
Vietnam,VNM,2013,3247947
Vietnam,VNM,2014,3710574
Vietnam,VNM,2015,4191645
Vietnam,VNM,2016,5184140
Vietnam,VNM,2017,5836951.5
Vietnam,VNM,2018,6433657
Vietnam,VNM,2019,7632218.5
Vietnam,VNM,2020,4146376
Vietnam,VNM,2021,2698197
Vietnam,VNM,2022,5716237.5
Vietnam,VNM,2023,7162102.5
World,OWID_WRL,2019,863242600
World,OWID_WRL,2020,414080100
World,OWID_WRL,2021,480947680
World,OWID_WRL,2022,619355000
World,OWID_WRL,2023,766245600
World,OWID_WRL,2024,830253700
Yemen,YEM,2013,215493.69
Yemen,YEM,2014,221647.48
Yemen,YEM,2015,138970.2
Yemen,YEM,2016,72347.305
Yemen,YEM,2017,13133.686
Yemen,YEM,2018,2929.3525
Zambia,ZMB,2013,221085.06
Zambia,ZMB,2014,187927.14
Zambia,ZMB,2015,176171.25
Zambia,ZMB,2016,188218.69
Zambia,ZMB,2017,191646.36
Zambia,ZMB,2018,196925.77
Zimbabwe,ZWE,2013,126188.836
Zimbabwe,ZWE,2014,113538.695
Zimbabwe,ZWE,2015,125336.86
Zimbabwe,ZWE,2016,129381.07
Zimbabwe,ZWE,2017,138085.69
Zimbabwe,ZWE,2018,159788.19